{"cameraMode":{"drawMode":0,"name":"Shaded","section":"Shading Mode"},"sceneLighting":true,"audioPlay":false,"sceneViewState":{"m_AlwaysRefresh":false,"showFog":true,"showSkybox":true,"showFlares":true,"showImageEffects":true,"showParticleSystems":true,"showVisualEffectGraphs":true,"m_FxEnabled":true},"in2DMode":false,"pivot":{"x":47.169639587402347,"y":61.79850769042969,"z":-34.581138610839847},"rotation":{"x":0.3979238271713257,"y":-0.38561928272247317,"z":0.18929223716259004,"w":0.8106674551963806},"size":40.89980697631836,"orthographic":false}